time_s,uav_id,x,y
300.0,0,1416.5716677814198,1030.8282310057236
300.0,1,1092.6071882468452,1364.1737846945196
300.0,2,691.9857518110019,1203.779257719865
300.0,3,651.4460360175226,740.3371944946198
300.0,4,1157.3600777120264,628.8356920191235
301.0,0,1434.778813576665,1060.7196987179436
301.0,1,1061.4155137489054,1348.2967748370381
301.0,2,707.5716808582476,1172.4411209575394
301.0,3,625.881472127142,716.4321098243106
301.0,4,1191.4897212404292,636.5924589115958
302.0,0,1452.8358549311015,1090.70208117038
302.0,1,1030.0852897523373,1332.6949459594716
302.0,2,724.2193407149756,1141.6538602594082
302.0,3,602.4500274234405,690.4327367723046
302.0,4,1225.6168902618163,644.3601055684456
303.0,0,1466.0697553951688,1123.1036841941066
303.0,1,998.4027597257979,1317.8215707165275
303.0,2,739.8797892365727,1110.3528961831628
303.0,3,575.0655103391749,668.6362181497913
303.0,4,1259.5759820239768,652.8324185164641
304.0,0,1483.308051457516,1153.5641692340212
304.0,1,966.6789037176409,1303.0365458611639
304.0,2,755.066500965123,1078.8193618605735
304.0,3,546.051609219946,649.0608882204232
304.0,4,1293.868913300817,659.8320516812746
305.0,0,1497.668750657119,1185.4823508629693
305.0,1,934.6538914996781,1288.9156892143687
305.0,2,769.1289415710095,1046.7686557184943
305.0,3,516.8674446436473,629.7403152997381
305.0,4,1328.141888179859,666.9287546439575
306.0,0,1527.0703168158423,1204.4704499625163
306.0,1,902.6200621877542,1274.8148459908402
306.0,2,783.0717528204033,1014.665727277871
306.0,3,487.5313601454442,610.6512046259983
306.0,4,1362.3960160837128,674.1158765676785
307.0,0,1534.2073076923077,1208.3663461538463
307.0,1,870.24423286793,1261.518016449419
307.0,2,798.4512963477803,983.225790240887
307.0,3,460.8937694486617,587.9479281692688
307.0,4,1396.6624745117692,681.2439777733485
308.0,0,1534.1535294117646,1213.391568627451
308.0,1,837.844125930016,1248.280453591712
308.0,2,813.230204348107,951.4990841666996
308.0,3,453.8445945945946,572.1427027027028
308.0,4,1430.801290295925,688.9602759049319
309.0,0,1533.9164705882354,1212.550588235294
309.0,1,805.12686830627,1235.8473906713602
309.0,2,827.4354015456162,919.5113932125236
309.0,3,449.94210526315794,565.658947368421
309.0,4,1464.9513082235412,696.6268445991709
310.0,0,1535.397,1211.8578
310.0,1,774.8560628393063,1218.2781466244114
310.0,2,844.5999073184972,889.0092663756499
310.0,3,462.02378378378376,540.3800000000001
310.0,4,1498.9737311267875,704.8411455306359
311.0,0,1524.4660784313726,1199.9741176470588
311.0,1,744.652474462911,1200.5935983070449
311.0,2,860.6115994620828,857.88651401184
311.0,3,461.73243243243235,554.2216216216216
311.0,4,1532.864283548281,713.5835969354762
312.0,0,1523.5643137254901,1198.4403921568628
312.0,1,710.726933124455,1191.9879231509217
312.0,2,875.8833804415394,826.3940910228811
312.0,3,464.7489473684211,562.7765789473685
312.0,4,1566.8997630785843,721.7436296034443
313.0,0,1535.2430769230768,1205.659423076923
313.0,1,684.813111111111,1206.085111111111
313.0,2,888.3032916968477,793.6718385880278
313.0,3,457.47914374509,597.013254534788
313.0,4,1600.9971280575544,729.6410786530364
314.0,0,1534.2401923076923,1204.3838461538462
314.0,1,682.2215217391304,1199.7254347826088
314.0,2,899.9477470147615,760.6656776426964
314.0,3,463.6640540540542,597.9672972972974
314.0,4,1635.0707583454935,737.6403110537631
315.0,0,1517.7628,1202.6778
315.0,1,686.1864444444443,1205.823111111111
315.0,2,911.0654450200047,727.4783790020387
315.0,3,465.81999999999994,606.3884210526317
315.0,4,1668.3775567142686,748.3947139856675
316.0,0,1515.1311764705883,1201.985294117647
316.0,1,682.1714583333332,1175.0902083333335
316.0,2,924.7434386505694,695.2617297311689
316.0,3,456.349189909864,572.6941521595902
316.0,4,1701.9677555383,758.2282557159922
317.0,0,1489.195,1190.2586000000001
317.0,1,653.6891778757812,1154.7491242929648
317.0,2,948.8934392359063,669.9284024382879
317.0,3,476.0133152908074,543.7403584012148
317.0,4,1736.0456776196938,766.2091846477931
318.0,0,1488.463,1189.8762000000002
318.0,1,667.9960173356591,1186.6914840158981
318.0,2,960.8309218277515,637.0270877324984
318.0,3,471.6159441741247,578.4630185421396
318.0,4,1770.017957842933,774.6284587515216
319.0,0,1487.946,1189.4602
319.0,1,647.8217959820347,1158.0907708643879
319.0,2,985.278492436433,611.9808047481207
319.0,3,485.75400874785026,546.4455993752366
319.0,4,1783.867105263158,778.4584210526316
320.0,0,1503.204375,1191.1131249999999
320.0,1,677.5090826260738,1176.6289749768325
320.0,2,969.0433564455492,580.9740254997449
320.0,3,471.96127853721106,578.6132942465904
320.0,4,1762.54,775.6265
321.0,0,1503.3912500000001,1191.163958333333
321.0,1,706.2231548449522,1196.6415224560774
321.0,2,958.0128623519133,547.7576409877264
321.0,3,457.58293156014577,610.5235298804292
321.0,4,1762.9027500000002,775.58975
322.0,0,1502.3239130434781,1203.2495652173914
322.0,1,725.8631717898054,1225.6116749307516
322.0,2,955.4643773595399,512.8505468055455
322.0,3,443.82404354801713,642.705714403387
322.0,4,1752.1969047619045,782.3314285714285
323.0,0,1502.8254347826087,1204.4089130434782
323.0,1,747.0097435897436,1231.5597435897437
323.0,2,951.395925925926,494.1575925925926
323.0,3,429.90239136792445,674.8178242776465
323.0,4,1752.5611904761904,781.6673809523809
324.0,0,1502.7082222222223,1212.0775555555556
324.0,1,752.71,1237.278
324.0,2,947.7569811320755,494.56113207547173
324.0,3,416.839890368384,707.2889047591613
324.0,4,1747.526976744186,784.1595348837209
325.0,0,1511.4922727272728,1211.4984090909093
325.0,1,762.8726829268293,1237.388780487805
325.0,2,944.3518518518518,498.69481481481483
325.0,3,402.50476190476195,727.8926190476191
325.0,4,1747.7744186046511,783.4332558139535
326.0,0,1511.9624999999999,1213.5463636363636
326.0,1,763.5243902439024,1235.1160975609755
326.0,2,947.3161818181818,497.00909090909084
326.0,3,402.7216666666668,729.3140476190476
326.0,4,1749.4699999999998,776.2735714285715
327.0,0,1521.480222222222,1213.8713333333333
327.0,1,764.4526829268293,1233.310731707317
327.0,2,948.2621818181818,499.1625454545455
327.0,3,400.06720930232564,723.4132558139535
327.0,4,1733.6474358974358,767.9982051282051
328.0,0,1521.5206666666668,1215.2211111111112
328.0,1,765.6551219512196,1231.5878048780487
328.0,2,956.117090909091,508.08418181818183
328.0,3,403.5245454545453,713.1681818181819
328.0,4,1745.7913513513513,766.2124324324324
329.0,0,1486.7312708688853,1211.3873218595606
329.0,1,732.368673472364,1242.4050294603753
329.0,2,965.688,523.7045454545455
329.0,3,404.1877272727272,699.0161363636364
329.0,4,1760.4051282051282,774.374358974359
330.0,0,1488.424893617021,1210.9338297872341
330.0,1,724.5250000000001,1235.6855263157895
330.0,2,966.5194545454546,526.0541818181817
330.0,3,399.70704545454555,686.9690909090909
330.0,4,1756.0736842105262,762.8294736842106
331.0,0,1488.256170212766,1212.2017021276597
331.0,1,727.3815,1228.22575
331.0,2,966.7441818181818,528.512909090909
331.0,3,394.61627906976764,681.903488372093
331.0,4,1746.331891891892,762.8048648648648
332.0,0,1486.3878723404257,1212.9436170212766
332.0,1,726.3465853658536,1219.8975609756098
332.0,2,968.9044642857143,527.3496428571427
332.0,3,389.5697619047619,675.9971428571428
332.0,4,1736.2602777777777,762.8386111111112
333.0,0,1479.3126086956522,1208.1817391304348
333.0,1,727.4875609756098,1219.8060975609756
333.0,2,973.4037288135594,542.6364406779661
333.0,3,390.75119047619046,675.417619047619
333.0,4,1746.9582857142855,765.2934285714285
334.0,0,1477.7570212765957,1194.340425531915
334.0,1,715.9490476190476,1219.4540476190475
334.0,2,972.8484745762712,544.8010169491524
334.0,3,391.9807142857145,675.2033333333334
334.0,4,1746.4074999999998,745.2784375
